A;1;M;0.125;H
A;2;N;0.825;P
A;3;I;0.575;H
A;4;F;-0.072;H
A;5;E;0.2785;P;
A;6;M;0.125;H
A;7;L;0.728;H
A;8;R;0.997;P
A;9;I;0.575;H
A;10;D;0.854;P
A;11;E;0.557;P
A;12;G;0.621;N
A;13;L;0.728;H
A;14;R;0.997;P
A;15;L;0.728;H
A;16;E;0.557;P
A;17;I;0.575;H
A;18;Y;0.845;H
A;19;K;0.337;P
A;20;D;0.854;P
A;21;T;0.643;N
A;22;E;0.557;P
A;23;G;0.621;N
A;24;Y;0.845;H
A;25;Y;0.845;H
A;26;T;0.643;N
A;27;I;0.575;H
A;28;G;0.621;N
A;29;I;0.575;H
A;30;G;0.621;N
A;31;H;0.36;N
A;32;L;0.728;H
A;33;L;0.728;H
A;34;T;0.643;N
A;35;K;0.337;P
A;36;S;0.3645;N;
A;37;P;0.076;P
A;38;S;0.729;N
A;39;L;0.728;H
A;40;N;0.825;P
A;41;A;0.986;H
A;42;A;0.986;H
A;43;K;0.337;P
A;44;S;0.729;N
A;45;E;0.557;P
A;46;L;0.728;H
A;47;D;0.854;P
A;48;K;0.337;P
A;49;A;0.986;H
A;50;I;0.575;H
A;51;G;0.621;N
A;52;R;0.997;P
A;53;N;0.825;P
A;54;C;0.702;H
A;55;N;0.825;P
A;56;G;0.621;N
A;57;V;0.88;H
A;58;I;0.575;H
A;59;T;0.643;N
A;60;K;0.337;P
A;61;D;0.854;P
A;62;E;0.557;P
A;63;A;0.986;H
A;64;E;0.557;P
A;65;K;0.337;P
A;66;L;0.364;H;
A;67;F;-0.072;H
A;68;N;0.825;P
A;69;Q;0.769;N
A;70;D;0.854;P
A;71;V;0.88;H
A;72;D;0.854;P
A;73;A;0.986;H
A;74;A;0.986;H
A;75;V;0.88;H
A;76;R;0.997;P
A;77;G;0.621;N
A;78;I;0.575;H
A;79;L;0.728;H
A;80;R;0.997;P
A;81;N;0.825;P
A;82;A;0.986;H
A;83;K;0.337;P
A;84;L;0.364;H;
A;85;K;0.337;P
A;86;P;0.076;P
A;87;V;0.88;H
A;88;Y;0.845;H
A;89;D;0.854;P
A;90;S;0.729;N
A;91;L;0.728;H
A;92;D;0.854;P
A;93;A;0.986;H
A;94;V;0.88;H
A;95;R;0.997;P
A;96;R;0.997;P
A;97;C;0.702;H
A;98;A;0.986;H
A;99;L;0.728;H
A;100;I;0.575;H
A;101;N;0.825;P
A;102;M;0.125;H
A;103;V;0.44;H;
A;104;F;-0.072;H
A;105;Q;0.3845;N;
A;106;M;0.125;H
A;107;G;0.621;N
A;108;E;0.557;P
A;109;T;0.643;N
A;110;G;0.621;N
A;111;V;0.88;H
A;112;A;0.986;H
A;113;G;0.621;N
A;114;F;-0.072;H
A;115;T;0.643;N
A;116;N;0.825;P
A;117;S;0.729;N
A;118;L;0.728;H
A;119;E;0.557;P
A;120;M;0.125;H
A;121;L;0.728;H
A;122;Q;0.769;N
A;123;Q;0.769;N
A;124;K;0.337;P
A;125;R;0.997;P
A;126;W;0.842;H
A;127;D;0.854;P
A;128;E;0.557;P
A;129;A;0.986;H
A;130;A;0.986;H
A;131;V;0.88;H
A;132;N;0.825;P
A;133;L;0.728;H
A;134;A;0.986;H
A;135;E;0.557;P
A;136;S;0.729;N
A;137;R;0.997;P
A;138;W;0.842;H
A;139;Y;0.845;H
A;140;N;0.825;P
A;141;Q;0.769;N
A;142;T;0.643;N
A;143;P;0.076;P
A;144;N;0.825;P
A;145;R;0.997;P
A;146;A;0.986;H
A;147;E;0.557;P
A;148;R;0.997;P
A;149;V;0.88;H
A;150;I;0.575;H
A;151;T;0.643;N
A;152;T;0.643;N
A;153;F;-0.072;H
A;154;R;0.997;P
A;155;T;0.643;N
A;156;G;0.621;N
A;157;T;0.643;N
A;158;W;0.842;H
A;159;D;0.854;P
A;160;A;0.986;H
A;161;Y;0.845;H
A;162;K;0.337;P
