A;0;M;0.125;H
A;1;I;0.575;H
A;2;Q;0.769;N
A;3;R;0.997;P
A;4;T;0.643;N
A;5;P;0.076;P
A;6;K;0.337;P
A;7;I;0.575;H
A;8;Q;0.769;N
A;9;V;0.88;H
A;10;Y;0.845;H
A;11;S;0.729;N
A;12;R;0.797;P
A;13;H;0.36;N
A;14;P;0.076;P
A;15;A;0.393;H;
A;16;E;0.357;P
A;17;N;0.3125;P;
A;18;G;0.421;N
A;19;K;0.337;P
A;20;S;0.729;N
A;21;N;0.825;P
A;22;F;-0.072;H
A;23;L;0.728;H
A;24;N;0.625;P
A;25;C;0.702;H
A;26;Y;0.845;H
A;27;V;0.88;H
A;28;S;0.729;N
A;29;G;0.621;N
A;30;F;-0.072;H
A;31;H;0.36;N
A;32;P;0.076;P
A;33;S;0.729;N
A;34;D;0.854;P
A;35;I;0.575;H
A;36;E;0.557;P
A;37;V;0.88;H
A;38;D;0.854;P
A;39;L;0.728;H
A;40;L;0.728;H
A;41;K;0.337;P
A;42;N;0.825;P
A;43;G;0.621;N
A;44;E;0.557;P
A;45;R;0.797;P
A;46;I;0.375;H
A;47;E;0.357;P
A;48;K;0.337;P
A;49;V;0.44;H;
A;50;E;0.357;P
A;51;H;0.36;N
A;52;S;0.529;N
A;53;D;0.654;P
A;54;L;0.528;H
A;55;S;0.729;N
A;56;F;-0.072;H
A;57;S;0.3645;N;
A;58;K;0.337;P
A;59;D;0.854;P
A;60;W;0.842;H
A;61;S;0.729;N
A;62;F;-0.072;H
A;63;Y;0.845;H
A;64;L;0.728;H
A;65;L;0.728;H
A;66;Y;0.645;H
A;67;Y;0.645;H
A;68;T;0.643;N
A;69;E;0.557;P
A;70;F;-0.072;H
A;71;T;0.443;N
A;72;P;0.076;P
A;73;T;0.443;N
A;74;E;0.357;P
A;75;K;0.337;P
A;76;D;0.854;P
A;77;E;0.557;P
A;78;Y;0.845;H
A;79;A;0.986;H
A;80;C;0.702;H
A;81;R;0.997;P
A;82;V;0.88;H
A;83;N;0.825;P
A;84;H;0.36;N
A;85;V;0.88;H
A;86;T;0.643;N
A;87;L;0.728;H
A;88;S;0.529;N
A;89;Q;0.769;N
A;90;P;0.076;P
A;91;K;0.337;P
A;92;I;0.575;H
A;93;V;0.88;H
A;94;K;0.337;P
A;95;W;0.842;H
A;96;D;0.854;P
A;97;R;0.997;P
